{
	"schemaVersion": 1,
	"id": "auroracraft",
	"version": "${version}",
	"name": "Aurora Craft",
	"description": "This is an example description! Tell everyone what your mod is about!",
	"authors": [
		"Me!"
	],
	"contact": {
		"homepage": "https://fabricmc.net/",
		"sources": "https://github.com/FabricMC/fabric-example-mod"
	},
	"license": "CC0-1.0",
	"icon": "assets/auroracraft/icon.png",
	"environment": "*",
	"entrypoints": {
		"main": [
			"me.fennx1000.auroracraft.AuroraCraft"
		],
		"client": [
			"me.fennx1000.auroracraft.AuroraCraftClient"
		],
		"fabric-datagen": [
			"me.fennx1000.auroracraft.AuroraCraftDataGenerator"
		]
	},
	"mixins": [
		"auroracraft.mixins.json",
		{
			"config": "auroracraft.client.mixins.json",
			"environment": "client"
		}
	],
	"depends": {
		"fabricloader": ">=0.17.3",
		"minecraft": "~1.21.1",
		"java": ">=21",
		"fabric-api": "*"
	},
	"suggests": {
		"another-mod": "*"
	}
}