{
	"schemaVersion": 1,
	"id": "socialadditions",
	"version": "${version}",
	"name": "Social Additions",
	"description": "This is an example description! Tell everyone what your mod is about!",
	"authors": [
		"Me!"
	],
	"contact": {
		"homepage": "https://fabricmc.net/",
		"sources": "https://github.com/FabricMC/fabric-example-mod"
	},
	"license": "CC0-1.0",
	"icon": "assets/socialadditions/icon.png",
	"environment": "*",
	"entrypoints": {
		"main": [
			"net.fennx1000.socialadditions.SocialAdditions"
		],
		"fabric-datagen": [
			"net.fennx1000.socialadditions.SocialAdditionsDataGenerator"
		]
	},
	"mixins": [
		"socialadditions.mixins.json"
	],
	"depends": {
		"fabricloader": ">=0.18.1",
		"minecraft": "~1.21.10",
		"java": ">=21",
		"fabric-api": "*"
	},
	"suggests": {
		"another-mod": "*"
	}
}